[{"id":1,"name":"01 简介","list":[{"id":"1-1","name":"C语言圣战","file":"01-1-C语言圣战.md"},{"id":"1-2","name":"C语言简介","file":"01-2-C语言简介.md"},{"id":"1-3","name":"编程规范","file":"01-3-编程规范.md"},{"id":"1-4","name":"编程环境配置","file":"01-4-编程环境配置-env.md"}]},{"id":2,"name":"02 变量和表达式","list":[{"id":"2-1","name":"基本语法","file":"02-1-基本语法.md"},{"id":"2-2","name":"常量变量","file":"02-2-常量变量.md"},{"id":"2-3","name":"如何用gdb调试","file":"02-3-如何用gdb调试.md"},{"id":"2-4","name":"基本语法实验","file":"02-4-基本语法实验.md"}]},{"id":3,"name":"03 存储调试","list":[{"id":"3-1","name":"存储类型和运算符","file":"03-1-存储类型和运算符.md"},{"id":"3-2","name":"错误和调试","file":"03-2-错误和调试.md"},{"id":"3-3","name":"运算符实验","file":"03-3-运算符实验.md"}]},{"id":4,"name":"04 条件语句","list":[{"id":"4-1","name":"条件判断语句","file":"04-1-条件判断语句.md"},{"id":"4-2","name":"CGDB手册","file":"04-2-CGDB手册.md"},{"id":"4-3","name":"条件语句实验","file":"04-3-条件语句实验.md"}]},{"id":5,"name":"05 循环语句","list":[{"id":"5-1","name":"循环语句","file":"05-1-循环语句.md"},{"id":"5-2","name":"循环语句实验","file":"05-2-循环语句实验.md"}]},{"id":6,"name":"06 函数","list":[{"id":"6-1","name":"函数","file":"06-1-函数.md"},{"id":"6-2","name":"函数实验","file":"06-2-函数实验.md"}]},{"id":7,"name":"07 数组","list":[{"id":"7-1","name":"数组","file":"07-1-数组.md"},{"id":"7-2","name":"Make 命令","file":"07-2-Make 命令.md"},{"id":"7-3","name":"数组基本实验","file":"07-3-数组基本实验.md"}]},{"id":8,"name":"08 指针","list":[{"id":"8-1","name":"指针与地址","file":"08-1-指针与地址.md"},{"id":"8-2","name":"指针高级","file":"08-2-指针高级.md"},{"id":"8-3","name":"指针基本实验","file":"08-3-指针基本实验.md"}]},{"id":9,"name":"09 指针高级","list":[{"id":"9-1","name":"指针和数组","file":"09-1-指针和数组.md"},{"id":"9-2","name":"指针和函数","file":"09-2-指针和函数.md"},{"id":"9-3","name":"指针高级实验","file":"09-3-指针高级实验.md"}]},{"id":10,"name":"10 定义和IO","list":[{"id":"10-1","name":"define与typedef","file":"10-1-define与typedef.md"},{"id":"10-2","name":"标准输入输出","file":"10-2-标准输入输出.md"},{"id":"10-3","name":"基本IO实验","file":"10-3-基本IO实验.md"}]},{"id":11,"name":"11 结构体","list":[{"id":"11-1","name":"结构体","file":"11-1-结构体.md"},{"id":"11-2","name":"结构体实验","file":"11-2-结构体实验.md"}]},{"id":12,"name":"12 字符串","list":[{"id":"12-1","name":"字符串","file":"12-1-字符串.md"},{"id":"12-2","name":"字符串实验","file":"12-2-字符串实验.md"}]},{"id":13,"name":"13 文件","list":[{"id":"13-1","name":"文件读写","file":"13-1-文件读写.md"},{"id":"13-2","name":"预处理与参数化宏","file":"13-2-预处理与参数化宏.md"},{"id":"13-3","name":"文件操作实验","file":"13-3-文件操作实验.md"}]},{"id":14,"name":"14 命令行","list":[{"id":"14-1","name":"强制转换与错误处理","file":"14-1-强制转换与错误处理.md"},{"id":"14-2","name":"命令行参数","file":"14-2-命令行参数.md"},{"id":"14-3","name":"错误处理实验","file":"14-3-错误处理实验.md"}]},{"id":15,"name":"15 递归","list":[{"id":"15-1","name":"递归","file":"15-1-递归.md"},{"id":"15-2","name":"可变参数","file":"15-2-可变参数.md"},{"id":"15-3","name":"递归实验","file":"15-3-递归实验.md"}]},{"id":16,"name":"16 内存","list":[{"id":"16-1","name":"头文件和引用方式","file":"16-1-头文件和引用方式.md"},{"id":"16-2","name":"内存管理","file":"16-2-内存管理.md"}]}]